﻿{
  "width": 33,
  "height": 10,
  "checkpoints": [ 43, 75 ],
  "song": "sounds\\level1-1",
  "entities": [
    {
      "type": "GreenPipe",
      "inverted": "True",
      "position": [
        {
          "row": 10,
          "columns": [ 8 ]
        }
      ]
    },
    {
      "type": "GreenPipe",
      "sceneTransport": "Level1",
      "transportPosition": 
        {
          "row": 15,
          "columns": [ 100 ]
        }
      ,
      "position": [
        {
          "row": 18,
          "columns": [ 27 ]
        }
      ]
    },
    {
      "type": "GroundBlock",
      "position": [
        {
          "row": 20,
          "columns": [ 1, 2, 3, 4, 5, 6, 7, 8, 9, 10, 11, 12, 13, 14, 15, 16, 17, 18, 19, 20, 21, 22, 23, 24, 25, 26, 27, 28, 29, 30, 31, 32, 33, 34, 35 ]
        },
        {
          "row": 21,
          "columns": [ 1, 2, 3, 4, 5, 6, 7, 8, 9, 10, 11, 12, 13, 14, 15, 16, 17, 18, 19, 20, 21, 22, 23, 24, 25, 26, 27, 28, 29, 30, 31, 32, 33, 34, 35 ]
        }
      ]
    },
    {
      "type": "BrickBlock",
      "actionState": "UsedBlockState",
      "position": [
        {
          "row": 1,
          "columns": [ 1, 2, 3, 4, 5, 6, 7, 8, 9, 10, 11, 12, 13, 14, 15, 16, 17, 18, 19, 20, 21, 22, 23, 24, 25, 26, 27, 28, 29, 30, 31, 32, 33, 34, 35 ]
        },
        {
          "row": 2,
          "columns": [ 1, 2, 3, 4, 5, 6, 7, 8, 9, 10, 11, 12, 13, 14, 15, 16, 17, 18, 19, 20, 21, 22, 23, 24, 25, 26, 27, 28, 29, 30, 31, 32, 33, 34, 35 ]
        },
        {
          "row": 3,
          "columns": [ 1, 2, 3, 4, 5, 6, 7, 8, 9, 10, 11, 12, 13, 14, 15, 16, 17, 18, 19, 20, 21, 22, 23, 24, 25, 26, 27, 28, 29, 30, 31, 32, 33, 34, 35 ]
        },
        {
          "row": 4,
          "columns": [ 1, 2, 3, 4, 5, 6, 7, 8, 9, 10, 11, 12, 13, 14, 15, 16, 17, 18, 19, 20, 21, 22, 23, 24, 25, 26, 27, 28, 29, 30, 31, 32, 33, 34, 35 ]
        },
        {
          "row": 5,
          "columns": [ 1, 2, 3, 4, 5, 6, 7, 8, 9, 10, 11, 12, 13, 14, 15, 16, 17, 18, 19, 20, 21, 22, 23, 24, 25, 26, 27, 28, 29, 30, 31, 32, 33, 34, 35 ]
        },
        {
          "row": 6,
          "columns": [ 1, 2, 3, 4, 5, 6, 7, 8, 9, 10, 11, 12, 13, 14, 15, 16, 17, 18, 19, 20, 21, 22, 23, 24, 25, 26, 27, 28, 29, 30, 31, 32, 33, 34, 35 ]
        },
        {
          "row": 7,
          "columns": [ 1, 2, 3, 4, 5, 6, 7, 8, 9, 10, 11, 12, 13, 14, 15, 16, 17, 18, 19, 20, 21, 22, 23, 24, 25, 26, 27, 28, 29, 30, 31, 32, 33, 34, 35 ]
        },
        {
          "row": 8,
          "columns": [ 1, 2, 3, 4 ]
        },
        {
          "row": 9,
          "columns": [ 1, 2, 3, 4 ]
        },
        {
          "row": 10,
          "columns": [ 1, 2, 3, 4 ]
        },
        {
          "row": 11,
          "columns": [ 1, 2, 3, 4 ]
        },
        {
          "row": 12,
          "columns": [ 1, 2, 3, 4 ]
        },
        {
          "row": 13,
          "columns": [ 1, 2, 3, 4 ]
        },
        {
          "row": 14,
          "columns": [ 1, 2, 3, 4 ]
        },
        {
          "row": 15,
          "columns": [ 1, 2, 3, 4 ]
        },
        {
          "row": 16,
          "columns": [ 1, 2, 3, 4, 8, 9, 17, 18 ]
        },
        {
          "row": 17,
          "columns": [ 1, 2, 3, 4 ]
        },
        {
          "row": 18,
          "columns": [ 1, 2, 3, 4 ]
        },
        {
          "row": 19,
          "columns": [ 1, 2, 3, 4 ]
        },
        {
          "row": 8,
          "columns": [ 30, 31, 32, 33, 34 ]
        },
        {
          "row": 9,
          "columns": [ 30, 31, 32, 33, 34 ]
        },
        {
          "row": 10,
          "columns": [ 30, 31, 32, 33, 34 ]
        },
        {
          "row": 11,
          "columns": [ 30, 31, 32, 33, 34 ]
        },
        {
          "row": 12,
          "columns": [ 30, 31, 32, 33, 34 ]
        },
        {
          "row": 13,
          "columns": [ 30, 31, 32, 33, 34 ]
        },
        {
          "row": 14,
          "columns": [ 30, 31, 32, 33, 34 ]
        },
        {
          "row": 15,
          "columns": [ 30, 31, 32, 33, 34 ]
        },
        {
          "row": 16,
          "columns": [ 30, 31, 32, 33, 34 ]
        },
        {
          "row": 17,
          "columns": [ 30, 31, 32, 33, 34 ]
        },
        {
          "row": 18,
          "columns": [ 30, 31, 32, 33, 34 ]
        },
        {
          "row": 19,
          "columns": [ 30, 31, 32, 33, 34 ]
        }
      ]
    },
    {
      "type": "Goomba",
      "position": [
        {
          "row": 19,
          "columns": [ 5, 6, 7, 8, 9, 10, 11, 12, 13, 14, 15, 16, 17, 18, 19, 20, 21, 22, 23, 24, 25 ]
        },
        {
          "row": 18,
          "columns": [ 5, 6, 7, 8, 9, 10, 11, 12, 13, 14, 15, 16, 17, 18, 19, 20, 21, 22, 23, 24, 25 ]
        }
      ]
    }
  ]
}
