﻿{
  "width": 110,
  "height": 10,
  "checkpoints": [ 43, 75],
  "song": "sounds\\level1-1",
  "entities": [
    {
      "type": "Cloud1",
      "backgroundlayer": 0,
      "position": [
        {
          "row": 4,
          "columns": [ 5, 10, 15, 20, 25, 30, 35, 40, 45, 50, 55, 60, 65, 70, 75, 80 ]
        }
      ]
    },
    {
      "type": "Cloud2",
      "backgroundlayer": 0,
      "position": [
        {
          "row": 7,
          "columns": [ 2, 7, 12, 17, 22, 27, 32, 37, 42, 47, 52, 57, 62, 67, 72, 77 ]
        }
      ]
    },
    {
      "type": "Hill1",
      "backgroundlayer": 1,
      "position": [
        {
          "row": 18,
          "columns": [0, 5, 10, 15, 20, 25, 30, 35, 40, 45, 50, 55, 60, 65, 70, 75, 80 ]
        }
      ]
    },
    {
      "type": "Hill2",
      "backgroundlayer": 1,
      "position": [
        {
          "row": 18,
          "columns": [ 4, 9, 14, 19, 24, 29, 34, 39, 44, 49, 54, 59, 64, 69, 74, 79 ]
        }
      ]
    },
    {
      "type": "Bush3",
      "backgroundlayer": 1,
      "position": [
        {
          "row": 18,
          "columns": [0, 5, 10, 15, 20, 25, 30, 35, 40, 45, 50, 55, 60, 65, 70, 75, 80 ]
        }
      ]
    },
    {
      "type": "Pirahna",
      "position": [
        {
          "row": 17,
          "columns": [ 40.5 ]
        }
      ]
    },
    {
      "type": "GreenPipe",
      "sceneTransport": "HiddenLevel",
      "transportPosition": 
        {
          "row": 12,
          "columns": [ 8 ]
        }
      ,
      "position": [
        {
          "row": 18,
          "columns": [ 40 ]
        }
      ]
    },
    {
      "type": "GreenPipe",
      "position": [
        {
          "row": 18,
          "columns": [ 100 ]
        }
      ]
    },
    {
      "type": "GreenPipe",
      "transportPosition": {
        "row": 15,
        "columns": [ 100 ]
      },
      "position": [
        {
          "row": 8,
          "columns": [ 15 ]
        }
      ]
    },
    {
      "type": "BrickBlock",
      "actionState": "UsedBlockState",
      "position": [
        {
          "row": 10,
          "columns": [ 15, 17 ]
        }
      ]
    },
    {
      "type": "QuestionBlock",
      "positionWithHiddenItems": [
        {
          "row": 10,
          "column": 16,
          "hiddenItems": [
            {
              "type": "Coin",
              "amount": 2
            }
          ]
        },
        {
          "row": 10,
          "column": 14,
          "hiddenItems": [
            {
              "type": "Coin",
              "amount": 1
            }
          ]
        },
        {
          "row": 10,
          "column": 18,
          "hiddenItems": [
            {
              "type": "Coin",
              "amount": 3
            },
            {
              "type": "Mushroom1Up",
              "amount": 1
            }
          ]
        }
      ]
    },
    {
      "type": "BrickBlock",
      "visibility": "Hidden",
      "position": [
        {
          "row": 12,
          "columns": [ 2 ]
        }
      ]
    },
    {
      "type": "GroundBlock",
      "position": [
        {
          "row": 20,
          "columns": [ 1, 2, 3, 4, 5, 6, 7, 8, 9, 10, 11, 12, 13, 14, 15, 16, 17, 18, 19, 20, 21, 22, 23, 24, 25, 26, 27, 28, 29, 30, 31, 32, 33, 34, 35, 36, 37, 38, 39, 40, 41, 42, 43, 44, 49, 50, 51, 52, 53, 54, 55, 56, 57, 58, 59, 60, 61, 62, 63, 64, 65, 66, 67, 68, 69, 70, 71, 72, 73, 74, 75, 76, 77, 78, 79, 80, 81, 82, 83, 84, 85, 86, 87, 88, 89, 90, 91, 92, 93, 94, 95, 96, 97, 98, 99, 100, 101, 102, 103, 104, 105, 106, 107, 108, 109, 110, 111, 112, 113, 114, 115, 116, 117, 118, 119, 120, 121, 122, 123, 124, 125, 126, 127, 128, 129, 130, 131, 132, 133, 134, 135, 136, 137, 138, 139, 140, 141, 142, 143, 144, 145, 146, 147, 148, 149, 150, 151, 152, 153, 154, 155, 156, 157, 158, 159, 160, 161, 162, 163, 164, 165, 166, 167, 168, 169, 170, 171, 172, 173, 174, 175, 176, 177, 178, 179, 180, 181, 182, 183, 184, 185, 186, 187, 188, 189, 190, 191, 192, 193, 194, 195, 196, 197, 198, 199, 200 ]
        },
        {
          "row": 21,
          "columns": [ 1, 2, 3, 4, 5, 6, 7, 8, 9, 10, 11, 12, 13, 14, 15, 16, 17, 18, 19, 20, 21, 22, 23, 24, 25, 26, 27, 28, 29, 30, 31, 32, 33, 34, 35, 36, 37, 38, 39, 40, 41, 42, 43, 44, 49, 50, 51, 52, 53, 54, 55, 56, 57, 58, 59, 60, 61, 62, 63, 64, 65, 66, 67, 68, 69, 70, 71, 72, 73, 74, 75, 76, 77, 78, 79, 80, 81, 82, 83, 84, 85, 86, 87, 88, 89, 90, 91, 92, 93, 94, 95, 96, 97, 98, 99, 100, 101, 102, 103, 104, 105, 106, 107, 108, 109, 110, 111, 112, 113, 114, 115, 116, 117, 118, 119, 120, 121, 122, 123, 124, 125, 126, 127, 128, 129, 130, 131, 132, 133, 134, 135, 136, 137, 138, 139, 140, 141, 142, 143, 144, 145, 146, 147, 148, 149, 150, 151, 152, 153, 154, 155, 156, 157, 158, 159, 160, 161, 162, 163, 164, 165, 166, 167, 168, 169, 170, 171, 172, 173, 174, 175, 176, 177, 178, 179, 180, 181, 182, 183, 184, 185, 186, 187, 188, 189, 190, 191, 192, 193, 194, 195, 196, 197, 198, 199, 200 ]
        }
      ]
    },
    {
      "type": "QuestionBlock",
      "positionWithHiddenItems": [
        {
          "row": 12,
          "column": 3,
          "hiddenItems": [
            {
              "type": "Coin",
              "amount": 2
            }
          ]
        },
        {
          "row": 15,
          "column": 20,
          "hiddenItems": [
            {
              "type": "MushroomSuper",
              "amount": 1
            }
          ]
        },
        {
          "row": 15,
          "column": 21,
          "hiddenItems": [
            {
              "type": "Coin",
              "amount": 3
            },
            {
              "type": "Mushroom1Up",
              "amount": 1
            }
          ]
        }
      ]
    },
    {
      "type": "BrickBlock",
      "positionWithHiddenItems": [
        {
          "row": 15,
          "column": 29,
          "hiddenItems": [
            {
              "type": "Coin",
              "amount": 2
            }
          ]
        },
        {
          "row": 15,
          "column": 30,
          "hiddenItems": [
            {
              "type": "MushroomSuper",
              "amount": 1
            }
          ]
        }

      ]
    },
    {
      "type": "BrickBlock",
      "position": [
        {
          "row": 15,
          "columns": [ 14, 15 ]
        }
      ]
    },
    {
      "type": "BrickBlock",
      "actionState": "UsedBlockState",
      "position": [
        {
          "row": 15,
          "columns": [ 6 ]
        }
      ]
    },
    {
      "type": "StepBlock",
      "position": [
        {
          "row": 19,
          "columns": [ 10, 11, 12 ]
        },
        {
          "row": 18,
          "columns": [ 11 ]
        }
      ]
    },

    {
      "type": "StepBlock",
      "position": [
        {
          "row": 19,
          "columns": [ 80, 81, 82, 83, 84, 85, 86, 87, 88, 89, 90 ]
        },
        {
          "row": 18,
          "columns": [ 81, 82, 83, 84, 85, 86, 87, 88, 89, 90 ]
        },
        {
          "row": 17,
          "columns": [ 82, 83, 84, 85, 86, 87, 88, 89, 90 ]
        },
        {
          "row": 16,
          "columns": [ 83, 84, 85, 86, 87, 88, 89, 90 ]
        },
        {
          "row": 15,
          "columns": [ 84, 85, 86, 87, 88, 89, 90 ]
        },
        {
          "row": 14,
          "columns": [ 85, 86, 87, 88, 89, 90 ]
        },
        {
          "row": 13,
          "columns": [ 86, 87, 88, 89, 90 ]
        },
        {
          "row": 12,
          "columns": [ 87, 88, 89, 90 ]
        },
        {
          "row": 11,
          "columns": [ 88, 89, 90 ]
        },
        {
          "row": 10,
          "columns": [ 89, 90 ]
        }
      ]
    },
    {
      "type": "Star",
      "position": [
        {
          "row": 14,
          "columns": [ 15 ]
        }
      ]
    },
    {
      "type": "FireFlower",
      "position": [
        {
          "row": 14,
          "columns": [ 14 ]
        }
      ]
    },
    {
      "type": "Goomba",
      "position": [
        {
          "row": 18,
          "columns": [ 15 ]
        },
        {
          "row": 9,
          "columns": [ 19 ]
        }
      ]
    },
    {
      "type": "KoopaTroopa",
      "position": [
        {
          "row": 18,
          "columns": [ 25 ]
        },
        {
          "row": 10,
          "columns": [100, 101, 102, 103, 104 105 ]
        }
      ]
    },
    {
      "type": "Mario",
      "position": [
        {
          "row": 1,
          "columns": [ 2 ]
        }
      ]
    },
    {
      "type": "FinishLine",
      "position": [
        {
          "row": 10,
          "columns": [ 105 ]
        }
      ]
    },
    {

      "type": "Checkpoint",
      "position": [
        {
          "row": 11,
          "columns": [ 43, 75 ]
        }
      ]
    }
  ]
}
