﻿{
  "width": 80,
  "height": 20,
  "checkpoints":  [25, 40, 65],
  "entities": {
    "GroundBlock": {
      "0": [ 1, 2, 3, 4, 5, 6, 7, 8, 9, 10, 11, 12, 13, 14, 15, 16, 17, 18, 19, 22, 23, 24, 25, 26, 27, 28, 29, 30, 31, 32, 33, 34, 35, 36, 37, 38, 39, 40, 41, 42, 43, 44, 45, 46, 47, 48, 49, 50 ],
      "1": [ 1, 2, 3, 4, 5, 6, 7, 8, 9, 10, 11, 12, 13, 14, 15, 16, 17, 18, 19, 22, 23, 24, 25, 26, 27, 28, 29, 30, 31, 32, 33, 34, 35, 36, 37, 38, 39, 40, 41, 42, 43, 44, 45, 46, 47, 48, 49, 50 ]
    },
    "QuestionBlock": {
      "5": [
        {
          "column": 10,
          "hiddenItems": [ { "Coin": 2 } ]
        },

        {
          "column": 15,
          "hiddenItems": [{"MushroomSuper": 1}]
        },
        17,
        {
          "column": 19,
          "hiddenItems": [
            { "Coin": 3 },
            { "Mushroom1Up": 1 }
          ]
        }
      ],
      "9":  [16]
    },
    "BrickBlock": {
      "5":  [14,16,18]
    },
    "UsedBlock": {
      "5": [ 10 ]
    },
    "StairBlock": {
      "3": [ 30, 31, 32 ],
      "4":  [31]
    },
    "Star": {
      "3": [ 11 ]
    },
    "FireFlower": {
      "3": [ 25 ]
    },
    "Goomba": {
      "3": [ 20 ]
    },
    "KoopaTroopa": {
      "3": [ 30 ]
    },
    "Mario": {
      "3": [ 3 ]
    }
  }
}